"strain","norm_loglik","norm_aic","lnorm_loglik","lnorm_aic"
"DW039",-5285.19626804876,10574.3925360975,-5201.8506023781,10407.7012047562
"DW067",-4602.07343992783,9208.14687985566,-4496.49573976319,8996.99147952638
"DW100",-4558.12660951789,9120.25321903579,-4528.06044914981,9060.12089829962
"DW102",-5071.99497557322,10147.9899511464,-5063.47951543225,10130.9590308645
"DW145",-5048.22917148484,10100.4583429697,-5001.9682740831,10007.9365481662
"DW147",-4709.17533766794,9422.35067533587,-4616.33357859808,9236.66715719616
"DW155",-4861.70259790855,9727.4051958171,-4702.05517953152,9408.11035906303
